ROI,rho
V1,0.0023899093292964356
V2,0.0043692883487029465
V3,0.005982026663864549
V3A,0.012206933397688562
V3B,0.02333781648556017
V4,0.01680699765692071
LatOcc,0.03862726521166147
